indicator,weight,target_total,achieved,in_progress,owner_org,evidence_path,as_of,source
논문(SCI(E)),10,3,3,,,,2026-03-20,2차 연차보고서 3-2
논문(KCI 등재지),10,2,1,,,,2026-03-20,2차 연차보고서 3-2
특허(출원),10,2,2,,,,2026-03-20,2차 연차보고서 3-2
소프트웨어 등록,10,4,0,,배분 미정,,2026-03-20,2차 연차보고서 3-2
표준화(국제),10,1,1,,KOMERI,,2026-03-20,2차 연차보고서 3-2
보고서 원문,10,3,3,,,,2026-03-20,2차 연차보고서 3-2
기타 지식재산권,5,1,0,,배분 미정,,2026-03-20,2차 연차보고서 3-2
인력양성(석사),10,2,2,,,,2026-03-20,2차 연차보고서 3-2
인력양성(채용),10,2,3,,,,2026-03-20,2차 연차보고서 3-2(고용창출)
홍보 전시,5,1,1,,,,2026-03-20,2차 연차보고서 3-2
학술대회 발표,10,3,10,,,,2026-03-20,2차 연차보고서 3-2
