no,indicator,weight,final_target,y3_method,required_evidence,owner_org,achieved,evidence_status,evidence_path,as_of,source
1,선박-밸류체인 간 데이터 표준 모델,15,1건 평가·검증,수요기업 평가(제3자 입회),수요기업 평가서,랩오투원,2차: 1건(보고서),진행,,2026-03-20,2차 연차보고서 성능 목표 및 실적
2,데이터 표준 가이던스 국제표준,15,1건(ISO 기고),ISO 국내 전문위원회 심의,ISO portal N-document + 전문위원회 심의 기록,KOMERI,2차: 1건(TC8/SC27 기고 발표),확인 필요,,2026-03-20,2차 연차보고서
3,데이터 품질관리 지침 문서,5,1건,전문가평가(제3자 입회),전문가 평가서,한국해양대,2차: 3건(지침서),진행,,2026-03-20,2차 연차보고서
4,데이터 공유 개념 설계(데이터정합율),5,95%,전문가평가(제3자 입회),정합율 시험 결과 + 전문가 평가서,유엔젤,2차: 90%,진행,,2026-03-20,2차 연차보고서
5,데이터 연계 실증 시나리오 및 경제모델 설계,15,1건,전문가평가(제3자 입회),전문가 평가서,케이엘넷,3차년도 대상,없음,,2026-03-20,3차년도 수정사업계획서 p.23
6,환경 규제 데이터 표준기반 서비스 설계,10,1건 평가·검증,수요기업 평가(제3자 입회),수요기업 평가서,한국선급,2차: 1건(설계서) 자체평가 94.4,진행,,2026-03-20,2차 연차보고서
7,포트콜 최적화 데이터 표준기반 서비스 설계,10,1건 평가·검증,수요기업 평가,수요기업 평가서,중소조선연구원,2차: 1건(설계서),진행,,2026-03-20,2차 연차보고서
8,선박 의무보고 데이터 표준기반 서비스 설계,10,1건 평가·검증,수요기업 평가,수요기업 평가서,케이엘넷,2차: 1건(설계서),진행,,2026-03-20,2차 연차보고서
9,데이터 상호운용 시뮬레이터 기반 검증,15,1건,전문기관 시험,전문기관 시험보고서(ISO 25023 기준),중소조선연구원,3차년도 대상,없음,,2026-03-20,3차년도 수정사업계획서 p.23
